ticket_id,date,park_price,our_price,savings
2,2026-02-16,179,179,0
44,2026-02-16,179,179,0
125,2026-02-16,179,179,0
52,2026-02-16,234,234,0
126,2026-02-16,234,234,0
144,2026-02-16,199,199,0
112,2026-02-16,348,348,0
127,2026-02-16,348,348,0
114,2026-02-16,408,408,0
128,2026-02-16,408,408,0
143,2026-02-16,428,428,0
142,2026-02-16,368,368,0
2,2026-02-17,179,179,0
44,2026-02-17,179,179,0
125,2026-02-17,179,179,0
52,2026-02-17,234,234,0
126,2026-02-17,234,234,0
144,2026-02-17,199,199,0
112,2026-02-17,344,344,0
127,2026-02-17,344,344,0
114,2026-02-17,404,404,0
128,2026-02-17,404,404,0
143,2026-02-17,424,424,0
142,2026-02-17,364,364,0
2,2026-02-18,174,174,0
44,2026-02-18,174,174,0
125,2026-02-18,174,174,0
52,2026-02-18,229,229,0
126,2026-02-18,229,229,0
144,2026-02-18,199,199,0
112,2026-02-18,339,339,0
127,2026-02-18,339,339,0
114,2026-02-18,399,399,0
128,2026-02-18,399,399,0
143,2026-02-18,424,424,0
142,2026-02-18,364,364,0
2,2026-02-19,174,174,0
44,2026-02-19,174,174,0
125,2026-02-19,174,174,0
52,2026-02-19,229,229,0
126,2026-02-19,229,229,0
144,2026-02-19,199,199,0
112,2026-02-19,335,335,0
127,2026-02-19,335,335,0
114,2026-02-19,395,395,0
128,2026-02-19,395,395,0
143,2026-02-19,420,420,0
142,2026-02-19,360,360,0
2,2026-02-20,169,169,0
44,2026-02-20,169,169,0
125,2026-02-20,169,169,0
52,2026-02-20,224,224,0
126,2026-02-20,224,224,0
144,2026-02-20,189,189,0
112,2026-02-20,336,336,0
127,2026-02-20,336,336,0
114,2026-02-20,396,396,0
128,2026-02-20,396,396,0
143,2026-02-20,416,416,0
142,2026-02-20,356,356,0
2,2026-02-21,179,179,0
44,2026-02-21,179,179,0
125,2026-02-21,179,179,0
52,2026-02-21,234,234,0
126,2026-02-21,234,234,0
144,2026-02-21,199,199,0
112,2026-02-21,334,334,0
127,2026-02-21,334,334,0
114,2026-02-21,394,394,0
128,2026-02-21,394,394,0
143,2026-02-21,414,414,0
142,2026-02-21,354,354,0
2,2026-02-22,169,169,0
44,2026-02-22,169,169,0
125,2026-02-22,169,169,0
52,2026-02-22,224,224,0
126,2026-02-22,224,224,0
144,2026-02-22,189,189,0
112,2026-02-22,313,313,0
127,2026-02-22,313,313,0
114,2026-02-22,373,373,0
128,2026-02-22,373,373,0
143,2026-02-22,393,393,0
142,2026-02-22,333,333,0
2,2026-02-23,154,154,0
44,2026-02-23,154,154,0
125,2026-02-23,154,154,0
52,2026-02-23,209,209,0
126,2026-02-23,209,209,0
144,2026-02-23,174,174,0
112,2026-02-23,301,301,0
127,2026-02-23,301,301,0
114,2026-02-23,361,361,0
128,2026-02-23,361,361,0
143,2026-02-23,381,381,0
142,2026-02-23,321,321,0
2,2026-02-24,154,154,0
44,2026-02-24,154,154,0
125,2026-02-24,154,154,0
52,2026-02-24,209,209,0
126,2026-02-24,209,209,0
144,2026-02-24,174,174,0
112,2026-02-24,301,301,0
127,2026-02-24,301,301,0
114,2026-02-24,361,361,0
128,2026-02-24,361,361,0
143,2026-02-24,381,381,0
142,2026-02-24,321,321,0
2,2026-02-25,154,154,0
44,2026-02-25,154,154,0
125,2026-02-25,154,154,0
52,2026-02-25,209,209,0
126,2026-02-25,209,209,0
144,2026-02-25,174,174,0
112,2026-02-25,303,303,0
127,2026-02-25,303,303,0
114,2026-02-25,363,363,0
128,2026-02-25,363,363,0
143,2026-02-25,383,383,0
142,2026-02-25,323,323,0
2,2026-02-26,154,154,0
44,2026-02-26,154,154,0
125,2026-02-26,154,154,0
52,2026-02-26,209,209,0
126,2026-02-26,209,209,0
144,2026-02-26,174,174,0
112,2026-02-26,308,308,0
127,2026-02-26,308,308,0
114,2026-02-26,368,368,0
128,2026-02-26,368,368,0
143,2026-02-26,388,388,0
142,2026-02-26,328,328,0
2,2026-02-27,159,159,0
44,2026-02-27,159,159,0
125,2026-02-27,159,159,0
52,2026-02-27,214,214,0
126,2026-02-27,214,214,0
144,2026-02-27,179,179,0
112,2026-02-27,319,319,0
127,2026-02-27,319,319,0
114,2026-02-27,379,379,0
128,2026-02-27,379,379,0
143,2026-02-27,399,399,0
142,2026-02-27,339,339,0
2,2026-02-28,169,169,0
44,2026-02-28,169,169,0
125,2026-02-28,169,169,0
52,2026-02-28,224,224,0
126,2026-02-28,224,224,0
144,2026-02-28,194,194,0
112,2026-02-28,323,323,0
127,2026-02-28,323,323,0
114,2026-02-28,383,383,0
128,2026-02-28,383,383,0
143,2026-02-28,408,408,0
142,2026-02-28,348,348,0
2,2026-03-01,164,164,0
44,2026-03-01,164,164,0
125,2026-03-01,164,164,0
52,2026-03-01,219,219,0
126,2026-03-01,219,219,0
144,2026-03-01,184,184,0
112,2026-03-01,315,315,0
127,2026-03-01,315,315,0
114,2026-03-01,375,375,0
128,2026-03-01,375,375,0
143,2026-03-01,395,395,0
142,2026-03-01,335,335,0
2,2026-03-02,159,159,0
44,2026-03-02,159,159,0
125,2026-03-02,159,159,0
52,2026-03-02,214,214,0
126,2026-03-02,214,214,0
144,2026-03-02,179,179,0
112,2026-03-02,310,310,0
127,2026-03-02,310,310,0
114,2026-03-02,370,370,0
128,2026-03-02,370,370,0
143,2026-03-02,390,390,0
142,2026-03-02,330,330,0
2,2026-03-03,159,159,0
44,2026-03-03,159,159,0
125,2026-03-03,159,159,0
52,2026-03-03,214,214,0
126,2026-03-03,214,214,0
144,2026-03-03,179,179,0
112,2026-03-03,311,311,0
127,2026-03-03,311,311,0
114,2026-03-03,371,371,0
128,2026-03-03,371,371,0
143,2026-03-03,391,391,0
142,2026-03-03,331,331,0
2,2026-03-04,159,159,0
44,2026-03-04,159,159,0
125,2026-03-04,159,159,0
52,2026-03-04,214,214,0
126,2026-03-04,214,214,0
144,2026-03-04,179,179,0
112,2026-03-04,313,313,0
127,2026-03-04,313,313,0
114,2026-03-04,373,373,0
128,2026-03-04,373,373,0
143,2026-03-04,393,393,0
142,2026-03-04,333,333,0
2,2026-03-05,159,159,0
44,2026-03-05,159,159,0
125,2026-03-05,159,159,0
52,2026-03-05,214,214,0
126,2026-03-05,214,214,0
144,2026-03-05,179,179,0
112,2026-03-05,318,318,0
127,2026-03-05,318,318,0
114,2026-03-05,378,378,0
128,2026-03-05,378,378,0
143,2026-03-05,398,398,0
142,2026-03-05,338,338,0
2,2026-03-06,164,164,0
44,2026-03-06,164,164,0
125,2026-03-06,164,164,0
52,2026-03-06,219,219,0
126,2026-03-06,219,219,0
144,2026-03-06,184,184,0
112,2026-03-06,330,330,0
127,2026-03-06,330,330,0
114,2026-03-06,390,390,0
128,2026-03-06,390,390,0
143,2026-03-06,410,410,0
142,2026-03-06,350,350,0
2,2026-03-07,174,174,0
44,2026-03-07,174,174,0
125,2026-03-07,174,174,0
52,2026-03-07,229,229,0
126,2026-03-07,229,229,0
144,2026-03-07,194,194,0
112,2026-03-07,338,338,0
127,2026-03-07,338,338,0
114,2026-03-07,398,398,0
128,2026-03-07,398,398,0
143,2026-03-07,418,418,0
142,2026-03-07,358,358,0
2,2026-03-08,174,174,0
44,2026-03-08,174,174,0
125,2026-03-08,174,174,0
52,2026-03-08,229,229,0
126,2026-03-08,229,229,0
144,2026-03-08,194,194,0
112,2026-03-08,334,334,0
127,2026-03-08,334,334,0
114,2026-03-08,394,394,0
128,2026-03-08,394,394,0
143,2026-03-08,414,414,0
142,2026-03-08,354,354,0
2,2026-03-09,169,169,0
44,2026-03-09,169,169,0
125,2026-03-09,169,169,0
52,2026-03-09,224,224,0
126,2026-03-09,224,224,0
144,2026-03-09,189,189,0
112,2026-03-09,330,330,0
127,2026-03-09,330,330,0
114,2026-03-09,390,390,0
128,2026-03-09,390,390,0
143,2026-03-09,410,410,0
142,2026-03-09,350,350,0
2,2026-03-10,169,169,0
44,2026-03-10,169,169,0
125,2026-03-10,169,169,0
52,2026-03-10,224,224,0
126,2026-03-10,224,224,0
144,2026-03-10,189,189,0
112,2026-03-10,330,330,0
127,2026-03-10,330,330,0
114,2026-03-10,390,390,0
128,2026-03-10,390,390,0
143,2026-03-10,410,410,0
142,2026-03-10,350,350,0
2,2026-03-11,169,169,0
44,2026-03-11,169,169,0
125,2026-03-11,169,169,0
52,2026-03-11,224,224,0
126,2026-03-11,224,224,0
144,2026-03-11,189,189,0
112,2026-03-11,330,330,0
127,2026-03-11,330,330,0
114,2026-03-11,390,390,0
128,2026-03-11,390,390,0
143,2026-03-11,410,410,0
142,2026-03-11,350,350,0
2,2026-03-12,169,169,0
44,2026-03-12,169,169,0
125,2026-03-12,169,169,0
52,2026-03-12,224,224,0
126,2026-03-12,224,224,0
144,2026-03-12,189,189,0
112,2026-03-12,331,331,0
127,2026-03-12,331,331,0
114,2026-03-12,391,391,0
128,2026-03-12,391,391,0
143,2026-03-12,411,411,0
142,2026-03-12,351,351,0
2,2026-03-13,169,169,0
44,2026-03-13,169,169,0
125,2026-03-13,169,169,0
52,2026-03-13,224,224,0
126,2026-03-13,224,224,0
144,2026-03-13,189,189,0
112,2026-03-13,335,335,0
127,2026-03-13,335,335,0
114,2026-03-13,395,395,0
128,2026-03-13,395,395,0
143,2026-03-13,415,415,0
142,2026-03-13,355,355,0
2,2026-03-14,174,174,0
44,2026-03-14,174,174,0
125,2026-03-14,174,174,0
52,2026-03-14,229,229,0
126,2026-03-14,229,229,0
144,2026-03-14,194,194,0
112,2026-03-14,337,337,0
127,2026-03-14,337,337,0
114,2026-03-14,397,397,0
128,2026-03-14,397,397,0
143,2026-03-14,417,417,0
142,2026-03-14,357,357,0
2,2026-03-15,169,169,0
44,2026-03-15,169,169,0
125,2026-03-15,169,169,0
52,2026-03-15,224,224,0
126,2026-03-15,224,224,0
144,2026-03-15,189,189,0
112,2026-03-15,341,341,0
127,2026-03-15,341,341,0
114,2026-03-15,401,401,0
128,2026-03-15,401,401,0
143,2026-03-15,421,421,0
142,2026-03-15,361,361,0
2,2026-03-16,179,179,0
44,2026-03-16,179,179,0
125,2026-03-16,179,179,0
52,2026-03-16,234,234,0
126,2026-03-16,234,234,0
144,2026-03-16,199,199,0
112,2026-03-16,349,349,0
127,2026-03-16,349,349,0
114,2026-03-16,409,409,0
128,2026-03-16,409,409,0
143,2026-03-16,429,429,0
142,2026-03-16,369,369,0
2,2026-03-17,179,179,0
44,2026-03-17,179,179,0
125,2026-03-17,179,179,0
52,2026-03-17,234,234,0
126,2026-03-17,234,234,0
144,2026-03-17,199,199,0
112,2026-03-17,349,349,0
127,2026-03-17,349,349,0
114,2026-03-17,409,409,0
128,2026-03-17,409,409,0
143,2026-03-17,429,429,0
142,2026-03-17,369,369,0
2,2026-03-18,179,179,0
44,2026-03-18,179,179,0
125,2026-03-18,179,179,0
52,2026-03-18,234,234,0
126,2026-03-18,234,234,0
144,2026-03-18,199,199,0
112,2026-03-18,349,349,0
127,2026-03-18,349,349,0
114,2026-03-18,409,409,0
128,2026-03-18,409,409,0
143,2026-03-18,429,429,0
142,2026-03-18,369,369,0
2,2026-03-19,179,179,0
44,2026-03-19,179,179,0
125,2026-03-19,179,179,0
52,2026-03-19,234,234,0
126,2026-03-19,234,234,0
144,2026-03-19,199,199,0
112,2026-03-19,349,349,0
127,2026-03-19,349,349,0
114,2026-03-19,409,409,0
128,2026-03-19,409,409,0
143,2026-03-19,429,429,0
142,2026-03-19,369,369,0
2,2026-03-20,179,179,0
44,2026-03-20,179,179,0
125,2026-03-20,179,179,0
52,2026-03-20,234,234,0
126,2026-03-20,234,234,0
144,2026-03-20,199,199,0
112,2026-03-20,347,347,0
127,2026-03-20,347,347,0
114,2026-03-20,407,407,0
128,2026-03-20,407,407,0
143,2026-03-20,427,427,0
142,2026-03-20,367,367,0
2,2026-03-21,179,179,0
44,2026-03-21,179,179,0
125,2026-03-21,179,179,0
52,2026-03-21,234,234,0
126,2026-03-21,234,234,0
144,2026-03-21,199,199,0
112,2026-03-21,342,342,0
127,2026-03-21,342,342,0
114,2026-03-21,402,402,0
128,2026-03-21,402,402,0
143,2026-03-21,422,422,0
142,2026-03-21,362,362,0
2,2026-03-22,174,174,0
44,2026-03-22,174,174,0
125,2026-03-22,174,174,0
52,2026-03-22,229,229,0
126,2026-03-22,229,229,0
144,2026-03-22,199,199,0
112,2026-03-22,334,334,0
127,2026-03-22,334,334,0
114,2026-03-22,394,394,0
128,2026-03-22,394,394,0
143,2026-03-22,419,419,0
142,2026-03-22,359,359,0
2,2026-03-23,169,169,0
44,2026-03-23,169,169,0
125,2026-03-23,169,169,0
52,2026-03-23,224,224,0
126,2026-03-23,224,224,0
144,2026-03-23,199,199,0
112,2026-03-23,330,330,0
127,2026-03-23,330,330,0
114,2026-03-23,390,390,0
128,2026-03-23,390,390,0
143,2026-03-23,420,420,0
142,2026-03-23,360,360,0
2,2026-03-24,169,169,0
44,2026-03-24,169,169,0
125,2026-03-24,169,169,0
52,2026-03-24,224,224,0
126,2026-03-24,224,224,0
144,2026-03-24,199,199,0
112,2026-03-24,330,330,0
127,2026-03-24,330,330,0
114,2026-03-24,390,390,0
128,2026-03-24,390,390,0
143,2026-03-24,420,420,0
142,2026-03-24,360,360,0
2,2026-03-25,169,169,0
44,2026-03-25,169,169,0
125,2026-03-25,169,169,0
52,2026-03-25,224,224,0
126,2026-03-25,224,224,0
144,2026-03-25,199,199,0
112,2026-03-25,330,330,0
127,2026-03-25,330,330,0
114,2026-03-25,390,390,0
128,2026-03-25,390,390,0
143,2026-03-25,420,420,0
142,2026-03-25,360,360,0
2,2026-03-26,169,169,0
44,2026-03-26,169,169,0
125,2026-03-26,169,169,0
52,2026-03-26,224,224,0
126,2026-03-26,224,224,0
144,2026-03-26,199,199,0
112,2026-03-26,331,331,0
127,2026-03-26,331,331,0
114,2026-03-26,391,391,0
128,2026-03-26,391,391,0
143,2026-03-26,421,421,0
142,2026-03-26,361,361,0
2,2026-03-27,169,169,0
44,2026-03-27,169,169,0
125,2026-03-27,169,169,0
52,2026-03-27,224,224,0
126,2026-03-27,224,224,0
144,2026-03-27,199,199,0
112,2026-03-27,336,336,0
127,2026-03-27,336,336,0
114,2026-03-27,396,396,0
128,2026-03-27,396,396,0
143,2026-03-27,426,426,0
142,2026-03-27,366,366,0
2,2026-03-28,174,174,0
44,2026-03-28,174,174,0
125,2026-03-28,174,174,0
52,2026-03-28,229,229,0
126,2026-03-28,229,229,0
144,2026-03-28,199,199,0
112,2026-03-28,341,341,0
127,2026-03-28,341,341,0
114,2026-03-28,401,401,0
128,2026-03-28,401,401,0
143,2026-03-28,426,426,0
142,2026-03-28,366,366,0
2,2026-03-29,174,174,0
44,2026-03-29,174,174,0
125,2026-03-29,174,174,0
52,2026-03-29,229,229,0
126,2026-03-29,229,229,0
144,2026-03-29,199,199,0
112,2026-03-29,345,345,0
127,2026-03-29,345,345,0
114,2026-03-29,405,405,0
128,2026-03-29,405,405,0
143,2026-03-29,430,430,0
142,2026-03-29,370,370,0
2,2026-03-30,179,179,0
44,2026-03-30,179,179,0
52,2026-03-30,234,234,0
144,2026-03-30,199,199,0
112,2026-03-30,349,349,0
114,2026-03-30,409,409,0
2,2026-03-31,179,179,0
44,2026-03-31,179,179,0
52,2026-03-31,234,234,0
144,2026-03-31,199,199,0
112,2026-03-31,349,349,0
114,2026-03-31,409,409,0
2,2026-04-01,179,179,0
44,2026-04-01,179,179,0
52,2026-04-01,234,234,0
144,2026-04-01,199,199,0
112,2026-04-01,349,349,0
114,2026-04-01,409,409,0
2,2026-04-02,179,179,0
44,2026-04-02,179,179,0
52,2026-04-02,234,234,0
144,2026-04-02,199,199,0
112,2026-04-02,349,349,0
114,2026-04-02,409,409,0
2,2026-04-03,179,179,0
44,2026-04-03,179,179,0
52,2026-04-03,234,234,0
144,2026-04-03,199,199,0
112,2026-04-03,349,349,0
114,2026-04-03,409,409,0
2,2026-04-04,179,179,0
44,2026-04-04,179,179,0
52,2026-04-04,234,234,0
144,2026-04-04,199,199,0
112,2026-04-04,348,348,0
114,2026-04-04,408,408,0
2,2026-04-05,179,179,0
44,2026-04-05,179,179,0
52,2026-04-05,234,234,0
144,2026-04-05,199,199,0
112,2026-04-05,344,344,0
114,2026-04-05,404,404,0
2,2026-04-06,174,174,0
44,2026-04-06,174,174,0
125,2026-04-06,174,174,0
52,2026-04-06,229,229,0
126,2026-04-06,229,229,0
144,2026-04-06,194,194,0
112,2026-04-06,339,339,0
127,2026-04-06,339,339,0
114,2026-04-06,399,399,0
128,2026-04-06,399,399,0
143,2026-04-06,419,419,0
142,2026-04-06,359,359,0
2,2026-04-07,174,174,0
44,2026-04-07,174,174,0
125,2026-04-07,174,174,0
52,2026-04-07,229,229,0
126,2026-04-07,229,229,0
144,2026-04-07,194,194,0
112,2026-04-07,339,339,0
127,2026-04-07,339,339,0
114,2026-04-07,399,399,0
128,2026-04-07,399,399,0
143,2026-04-07,419,419,0
142,2026-04-07,359,359,0
2,2026-04-08,174,174,0
44,2026-04-08,174,174,0
125,2026-04-08,174,174,0
52,2026-04-08,229,229,0
126,2026-04-08,229,229,0
144,2026-04-08,194,194,0
112,2026-04-08,338,338,0
127,2026-04-08,338,338,0
114,2026-04-08,398,398,0
128,2026-04-08,398,398,0
143,2026-04-08,418,418,0
142,2026-04-08,358,358,0
2,2026-04-09,174,174,0
44,2026-04-09,174,174,0
125,2026-04-09,174,174,0
52,2026-04-09,229,229,0
126,2026-04-09,229,229,0
144,2026-04-09,194,194,0
112,2026-04-09,333,333,0
127,2026-04-09,333,333,0
114,2026-04-09,393,393,0
128,2026-04-09,393,393,0
143,2026-04-09,413,413,0
142,2026-04-09,353,353,0
2,2026-04-10,169,169,0
44,2026-04-10,169,169,0
125,2026-04-10,169,169,0
52,2026-04-10,224,224,0
126,2026-04-10,224,224,0
144,2026-04-10,189,189,0
112,2026-04-10,328,328,0
127,2026-04-10,328,328,0
114,2026-04-10,388,388,0
128,2026-04-10,388,388,0
143,2026-04-10,408,408,0
142,2026-04-10,348,348,0
2,2026-04-11,169,169,0
44,2026-04-11,169,169,0
125,2026-04-11,169,169,0
52,2026-04-11,224,224,0
126,2026-04-11,224,224,0
144,2026-04-11,189,189,0
112,2026-04-11,323,323,0
127,2026-04-11,323,323,0
114,2026-04-11,383,383,0
128,2026-04-11,383,383,0
143,2026-04-11,403,403,0
142,2026-04-11,343,343,0
2,2026-04-12,164,164,0
44,2026-04-12,164,164,0
125,2026-04-12,164,164,0
52,2026-04-12,219,219,0
126,2026-04-12,219,219,0
144,2026-04-12,189,189,0
112,2026-04-12,315,315,0
127,2026-04-12,315,315,0
114,2026-04-12,375,375,0
128,2026-04-12,375,375,0
143,2026-04-12,400,400,0
142,2026-04-12,340,340,0
2,2026-04-13,159,159,0
44,2026-04-13,159,159,0
125,2026-04-13,159,159,0
52,2026-04-13,214,214,0
126,2026-04-13,214,214,0
144,2026-04-13,189,189,0
112,2026-04-13,310,310,0
127,2026-04-13,310,310,0
114,2026-04-13,370,370,0
128,2026-04-13,370,370,0
143,2026-04-13,400,400,0
142,2026-04-13,340,340,0
2,2026-04-14,159,159,0
44,2026-04-14,159,159,0
125,2026-04-14,159,159,0
52,2026-04-14,214,214,0
126,2026-04-14,214,214,0
144,2026-04-14,189,189,0
112,2026-04-14,310,310,0
127,2026-04-14,310,310,0
114,2026-04-14,370,370,0
128,2026-04-14,370,370,0
143,2026-04-14,400,400,0
142,2026-04-14,340,340,0
2,2026-04-15,159,159,0
44,2026-04-15,159,159,0
125,2026-04-15,159,159,0
52,2026-04-15,214,214,0
126,2026-04-15,214,214,0
144,2026-04-15,189,189,0
112,2026-04-15,311,311,0
127,2026-04-15,311,311,0
114,2026-04-15,371,371,0
128,2026-04-15,371,371,0
143,2026-04-15,401,401,0
142,2026-04-15,341,341,0
2,2026-04-16,159,159,0
44,2026-04-16,159,159,0
125,2026-04-16,159,159,0
52,2026-04-16,214,214,0
126,2026-04-16,214,214,0
144,2026-04-16,189,189,0
112,2026-04-16,311,311,0
127,2026-04-16,311,311,0
114,2026-04-16,371,371,0
128,2026-04-16,371,371,0
143,2026-04-16,401,401,0
142,2026-04-16,341,341,0
2,2026-04-17,159,159,0
44,2026-04-17,159,159,0
125,2026-04-17,159,159,0
52,2026-04-17,214,214,0
126,2026-04-17,214,214,0
144,2026-04-17,189,189,0
112,2026-04-17,314,314,0
127,2026-04-17,314,314,0
114,2026-04-17,374,374,0
128,2026-04-17,374,374,0
143,2026-04-17,404,404,0
142,2026-04-17,344,344,0
2,2026-04-18,164,164,0
44,2026-04-18,164,164,0
125,2026-04-18,164,164,0
52,2026-04-18,219,219,0
126,2026-04-18,219,219,0
144,2026-04-18,184,184,0
112,2026-04-18,313,313,0
127,2026-04-18,313,313,0
114,2026-04-18,373,373,0
128,2026-04-18,373,373,0
143,2026-04-18,393,393,0
142,2026-04-18,333,333,0
2,2026-04-19,159,159,0
44,2026-04-19,159,159,0
125,2026-04-19,159,159,0
52,2026-04-19,214,214,0
126,2026-04-19,214,214,0
144,2026-04-19,179,179,0
112,2026-04-19,305,305,0
127,2026-04-19,305,305,0
114,2026-04-19,365,365,0
128,2026-04-19,365,365,0
143,2026-04-19,385,385,0
142,2026-04-19,325,325,0
2,2026-04-20,154,154,0
44,2026-04-20,154,154,0
125,2026-04-20,154,154,0
52,2026-04-20,209,209,0
126,2026-04-20,209,209,0
144,2026-04-20,179,179,0
112,2026-04-20,300,300,0
127,2026-04-20,300,300,0
114,2026-04-20,360,360,0
128,2026-04-20,360,360,0
143,2026-04-20,385,385,0
142,2026-04-20,325,325,0
2,2026-04-21,154,154,0
44,2026-04-21,154,154,0
125,2026-04-21,154,154,0
52,2026-04-21,209,209,0
126,2026-04-21,209,209,0
144,2026-04-21,179,179,0
112,2026-04-21,301,301,0
127,2026-04-21,301,301,0
114,2026-04-21,361,361,0
128,2026-04-21,361,361,0
143,2026-04-21,386,386,0
142,2026-04-21,326,326,0
2,2026-04-22,154,154,0
44,2026-04-22,154,154,0
125,2026-04-22,154,154,0
52,2026-04-22,209,209,0
126,2026-04-22,209,209,0
144,2026-04-22,179,179,0
112,2026-04-22,301,301,0
127,2026-04-22,301,301,0
114,2026-04-22,361,361,0
128,2026-04-22,361,361,0
143,2026-04-22,386,386,0
142,2026-04-22,326,326,0
2,2026-04-23,154,154,0
44,2026-04-23,154,154,0
125,2026-04-23,154,154,0
52,2026-04-23,209,209,0
126,2026-04-23,209,209,0
144,2026-04-23,179,179,0
112,2026-04-23,303,303,0
127,2026-04-23,303,303,0
114,2026-04-23,363,363,0
128,2026-04-23,363,363,0
143,2026-04-23,388,388,0
142,2026-04-23,328,328,0
2,2026-04-24,154,154,0
44,2026-04-24,154,154,0
125,2026-04-24,154,154,0
52,2026-04-24,209,209,0
126,2026-04-24,209,209,0
144,2026-04-24,174,174,0
112,2026-04-24,310,310,0
127,2026-04-24,310,310,0
114,2026-04-24,370,370,0
128,2026-04-24,370,370,0
143,2026-04-24,390,390,0
142,2026-04-24,330,330,0
2,2026-04-25,164,164,0
44,2026-04-25,164,164,0
125,2026-04-25,164,164,0
52,2026-04-25,219,219,0
126,2026-04-25,219,219,0
144,2026-04-25,184,184,0
112,2026-04-25,317,317,0
127,2026-04-25,317,317,0
114,2026-04-25,377,377,0
128,2026-04-25,377,377,0
143,2026-04-25,397,397,0
142,2026-04-25,337,337,0
2,2026-04-26,164,164,0
44,2026-04-26,164,164,0
125,2026-04-26,164,164,0
52,2026-04-26,219,219,0
126,2026-04-26,219,219,0
144,2026-04-26,184,184,0
112,2026-04-26,309,309,0
127,2026-04-26,309,309,0
114,2026-04-26,369,369,0
128,2026-04-26,369,369,0
143,2026-04-26,389,389,0
142,2026-04-26,329,329,0
2,2026-04-27,154,154,0
44,2026-04-27,154,154,0
125,2026-04-27,154,154,0
52,2026-04-27,209,209,0
126,2026-04-27,209,209,0
144,2026-04-27,174,174,0
112,2026-04-27,301,301,0
127,2026-04-27,301,301,0
114,2026-04-27,361,361,0
128,2026-04-27,361,361,0
143,2026-04-27,381,381,0
142,2026-04-27,321,321,0
2,2026-04-28,154,154,0
44,2026-04-28,154,154,0
125,2026-04-28,154,154,0
52,2026-04-28,209,209,0
126,2026-04-28,209,209,0
144,2026-04-28,169,169,0
112,2026-04-28,301,301,0
127,2026-04-28,301,301,0
114,2026-04-28,361,361,0
128,2026-04-28,361,361,0
143,2026-04-28,376,376,0
142,2026-04-28,316,316,0
2,2026-04-29,154,154,0
44,2026-04-29,154,154,0
125,2026-04-29,154,154,0
52,2026-04-29,209,209,0
126,2026-04-29,209,209,0
144,2026-04-29,169,169,0
112,2026-04-29,302,302,0
127,2026-04-29,302,302,0
114,2026-04-29,362,362,0
128,2026-04-29,362,362,0
143,2026-04-29,377,377,0
142,2026-04-29,317,317,0
2,2026-04-30,154,154,0
44,2026-04-30,154,154,0
125,2026-04-30,154,154,0
52,2026-04-30,209,209,0
126,2026-04-30,209,209,0
144,2026-04-30,169,169,0
112,2026-04-30,307,307,0
127,2026-04-30,307,307,0
114,2026-04-30,367,367,0
128,2026-04-30,367,367,0
143,2026-04-30,382,382,0
142,2026-04-30,322,322,0
2,2026-05-01,159,159,0
44,2026-05-01,159,159,0
125,2026-05-01,159,159,0
52,2026-05-01,214,214,0
126,2026-05-01,214,214,0
144,2026-05-01,174,174,0
112,2026-05-01,313,313,0
127,2026-05-01,313,313,0
114,2026-05-01,373,373,0
128,2026-05-01,373,373,0
143,2026-05-01,388,388,0
142,2026-05-01,328,328,0
2,2026-05-02,164,164,0
44,2026-05-02,164,164,0
125,2026-05-02,164,164,0
52,2026-05-02,219,219,0
126,2026-05-02,219,219,0
144,2026-05-02,184,184,0
112,2026-05-02,312,312,0
127,2026-05-02,312,312,0
114,2026-05-02,372,372,0
128,2026-05-02,372,372,0
143,2026-05-02,392,392,0
142,2026-05-02,332,332,0
2,2026-05-03,159,159,0
44,2026-05-03,159,159,0
125,2026-05-03,159,159,0
52,2026-05-03,214,214,0
126,2026-05-03,214,214,0
144,2026-05-03,179,179,0
112,2026-05-03,299,299,0
127,2026-05-03,299,299,0
114,2026-05-03,359,359,0
128,2026-05-03,359,359,0
143,2026-05-03,379,379,0
142,2026-05-03,319,319,0
2,2026-05-04,149,149,0
44,2026-05-04,149,149,0
125,2026-05-04,149,149,0
52,2026-05-04,204,204,0
126,2026-05-04,204,204,0
144,2026-05-04,169,169,0
112,2026-05-04,291,291,0
127,2026-05-04,291,291,0
114,2026-05-04,351,351,0
128,2026-05-04,351,351,0
143,2026-05-04,371,371,0
142,2026-05-04,311,311,0
2,2026-05-05,149,149,0
44,2026-05-05,149,149,0
125,2026-05-05,149,149,0
52,2026-05-05,204,204,0
126,2026-05-05,204,204,0
144,2026-05-05,169,169,0
112,2026-05-05,292,292,0
127,2026-05-05,292,292,0
114,2026-05-05,352,352,0
128,2026-05-05,352,352,0
143,2026-05-05,372,372,0
142,2026-05-05,312,312,0
2,2026-05-06,149,149,0
44,2026-05-06,149,149,0
125,2026-05-06,149,149,0
52,2026-05-06,204,204,0
126,2026-05-06,204,204,0
144,2026-05-06,169,169,0
112,2026-05-06,294,294,0
127,2026-05-06,294,294,0
114,2026-05-06,354,354,0
128,2026-05-06,354,354,0
143,2026-05-06,374,374,0
142,2026-05-06,314,314,0
2,2026-05-07,149,149,0
44,2026-05-07,149,149,0
125,2026-05-07,149,149,0
52,2026-05-07,204,204,0
126,2026-05-07,204,204,0
144,2026-05-07,169,169,0
112,2026-05-07,302,302,0
127,2026-05-07,302,302,0
114,2026-05-07,362,362,0
128,2026-05-07,362,362,0
143,2026-05-07,382,382,0
142,2026-05-07,322,322,0
2,2026-05-08,159,159,0
44,2026-05-08,159,159,0
125,2026-05-08,159,159,0
52,2026-05-08,214,214,0
126,2026-05-08,214,214,0
144,2026-05-08,179,179,0
112,2026-05-08,313,313,0
127,2026-05-08,313,313,0
114,2026-05-08,373,373,0
128,2026-05-08,373,373,0
143,2026-05-08,393,393,0
142,2026-05-08,333,333,0
2,2026-05-09,164,164,0
44,2026-05-09,164,164,0
125,2026-05-09,164,164,0
52,2026-05-09,219,219,0
126,2026-05-09,219,219,0
144,2026-05-09,184,184,0
112,2026-05-09,312,312,0
127,2026-05-09,312,312,0
114,2026-05-09,372,372,0
128,2026-05-09,372,372,0
143,2026-05-09,392,392,0
142,2026-05-09,332,332,0
2,2026-05-10,159,159,0
44,2026-05-10,159,159,0
125,2026-05-10,159,159,0
52,2026-05-10,214,214,0
126,2026-05-10,214,214,0
144,2026-05-10,179,179,0
112,2026-05-10,299,299,0
127,2026-05-10,299,299,0
114,2026-05-10,359,359,0
128,2026-05-10,359,359,0
143,2026-05-10,379,379,0
142,2026-05-10,319,319,0
2,2026-05-11,149,149,0
44,2026-05-11,149,149,0
125,2026-05-11,149,149,0
52,2026-05-11,204,204,0
126,2026-05-11,204,204,0
144,2026-05-11,169,169,0
112,2026-05-11,291,291,0
127,2026-05-11,291,291,0
114,2026-05-11,351,351,0
128,2026-05-11,351,351,0
143,2026-05-11,371,371,0
142,2026-05-11,311,311,0
2,2026-05-12,149,149,0
44,2026-05-12,149,149,0
125,2026-05-12,149,149,0
52,2026-05-12,204,204,0
126,2026-05-12,204,204,0
144,2026-05-12,169,169,0
112,2026-05-12,292,292,0
127,2026-05-12,292,292,0
114,2026-05-12,352,352,0
128,2026-05-12,352,352,0
143,2026-05-12,372,372,0
142,2026-05-12,312,312,0
2,2026-05-13,149,149,0
44,2026-05-13,149,149,0
125,2026-05-13,149,149,0
52,2026-05-13,204,204,0
126,2026-05-13,204,204,0
144,2026-05-13,169,169,0
112,2026-05-13,294,294,0
127,2026-05-13,294,294,0
114,2026-05-13,354,354,0
128,2026-05-13,354,354,0
143,2026-05-13,374,374,0
142,2026-05-13,314,314,0
2,2026-05-14,149,149,0
44,2026-05-14,149,149,0
125,2026-05-14,149,149,0
52,2026-05-14,204,204,0
126,2026-05-14,204,204,0
144,2026-05-14,169,169,0
112,2026-05-14,303,303,0
127,2026-05-14,303,303,0
114,2026-05-14,363,363,0
128,2026-05-14,363,363,0
143,2026-05-14,383,383,0
142,2026-05-14,323,323,0
2,2026-05-15,159,159,0
44,2026-05-15,159,159,0
125,2026-05-15,159,159,0
52,2026-05-15,214,214,0
126,2026-05-15,214,214,0
144,2026-05-15,179,179,0
112,2026-05-15,314,314,0
127,2026-05-15,314,314,0
114,2026-05-15,374,374,0
128,2026-05-15,374,374,0
143,2026-05-15,394,394,0
142,2026-05-15,334,334,0
2,2026-05-16,164,164,0
44,2026-05-16,164,164,0
125,2026-05-16,164,164,0
52,2026-05-16,219,219,0
126,2026-05-16,219,219,0
144,2026-05-16,184,184,0
112,2026-05-16,315,315,0
127,2026-05-16,315,315,0
114,2026-05-16,375,375,0
128,2026-05-16,375,375,0
143,2026-05-16,395,395,0
142,2026-05-16,335,335,0
2,2026-05-17,159,159,0
44,2026-05-17,159,159,0
125,2026-05-17,159,159,0
52,2026-05-17,214,214,0
126,2026-05-17,214,214,0
144,2026-05-17,179,179,0
112,2026-05-17,311,311,0
127,2026-05-17,311,311,0
114,2026-05-17,371,371,0
128,2026-05-17,371,371,0
143,2026-05-17,391,391,0
142,2026-05-17,331,331,0
2,2026-05-18,159,159,0
44,2026-05-18,159,159,0
125,2026-05-18,159,159,0
52,2026-05-18,214,214,0
126,2026-05-18,214,214,0
144,2026-05-18,179,179,0
112,2026-05-18,311,311,0
127,2026-05-18,311,311,0
114,2026-05-18,371,371,0
128,2026-05-18,371,371,0
143,2026-05-18,391,391,0
142,2026-05-18,331,331,0
2,2026-05-19,159,159,0
44,2026-05-19,159,159,0
125,2026-05-19,159,159,0
52,2026-05-19,214,214,0
126,2026-05-19,214,214,0
144,2026-05-19,179,179,0
112,2026-05-19,314,314,0
127,2026-05-19,314,314,0
114,2026-05-19,374,374,0
128,2026-05-19,374,374,0
143,2026-05-19,394,394,0
142,2026-05-19,334,334,0
2,2026-05-20,159,159,0
44,2026-05-20,159,159,0
125,2026-05-20,159,159,0
52,2026-05-20,214,214,0
126,2026-05-20,214,214,0
144,2026-05-20,179,179,0
112,2026-05-20,323,323,0
127,2026-05-20,323,323,0
114,2026-05-20,383,383,0
128,2026-05-20,383,383,0
143,2026-05-20,403,403,0
142,2026-05-20,343,343,0
2,2026-05-21,169,169,0
44,2026-05-21,169,169,0
125,2026-05-21,169,169,0
52,2026-05-21,224,224,0
126,2026-05-21,224,224,0
144,2026-05-21,189,189,0
112,2026-05-21,335,335,0
127,2026-05-21,335,335,0
114,2026-05-21,395,395,0
128,2026-05-21,395,395,0
143,2026-05-21,415,415,0
142,2026-05-21,355,355,0
2,2026-05-22,174,174,0
44,2026-05-22,174,174,0
125,2026-05-22,174,174,0
52,2026-05-22,229,229,0
126,2026-05-22,229,229,0
144,2026-05-22,194,194,0
112,2026-05-22,339,339,0
127,2026-05-22,339,339,0
114,2026-05-22,399,399,0
128,2026-05-22,399,399,0
143,2026-05-22,419,419,0
142,2026-05-22,359,359,0
2,2026-05-23,174,174,0
44,2026-05-23,174,174,0
125,2026-05-23,174,174,0
52,2026-05-23,229,229,0
126,2026-05-23,229,229,0
144,2026-05-23,194,194,0
112,2026-05-23,338,338,0
127,2026-05-23,338,338,0
114,2026-05-23,398,398,0
128,2026-05-23,398,398,0
143,2026-05-23,418,418,0
142,2026-05-23,358,358,0
2,2026-05-24,174,174,0
44,2026-05-24,174,174,0
125,2026-05-24,174,174,0
52,2026-05-24,229,229,0
126,2026-05-24,229,229,0
144,2026-05-24,194,194,0
112,2026-05-24,337,337,0
127,2026-05-24,337,337,0
114,2026-05-24,397,397,0
128,2026-05-24,397,397,0
143,2026-05-24,417,417,0
142,2026-05-24,357,357,0
2,2026-05-25,174,174,0
44,2026-05-25,174,174,0
125,2026-05-25,174,174,0
52,2026-05-25,229,229,0
126,2026-05-25,229,229,0
144,2026-05-25,194,194,0
112,2026-05-25,329,329,0
127,2026-05-25,329,329,0
114,2026-05-25,389,389,0
128,2026-05-25,389,389,0
143,2026-05-25,409,409,0
142,2026-05-25,349,349,0
2,2026-05-26,164,164,0
44,2026-05-26,164,164,0
125,2026-05-26,164,164,0
52,2026-05-26,219,219,0
126,2026-05-26,219,219,0
144,2026-05-26,184,184,0
112,2026-05-26,320,320,0
127,2026-05-26,320,320,0
114,2026-05-26,380,380,0
128,2026-05-26,380,380,0
143,2026-05-26,400,400,0
142,2026-05-26,340,340,0
2,2026-05-27,164,164,0
44,2026-05-27,164,164,0
125,2026-05-27,164,164,0
52,2026-05-27,219,219,0
126,2026-05-27,219,219,0
144,2026-05-27,184,184,0
112,2026-05-27,320,320,0
127,2026-05-27,320,320,0
114,2026-05-27,380,380,0
128,2026-05-27,380,380,0
143,2026-05-27,400,400,0
142,2026-05-27,340,340,0
2,2026-05-28,164,164,0
44,2026-05-28,164,164,0
125,2026-05-28,164,164,0
52,2026-05-28,219,219,0
126,2026-05-28,219,219,0
144,2026-05-28,184,184,0
112,2026-05-28,321,321,0
127,2026-05-28,321,321,0
114,2026-05-28,381,381,0
128,2026-05-28,381,381,0
143,2026-05-28,401,401,0
142,2026-05-28,341,341,0
2,2026-05-29,164,164,0
44,2026-05-29,164,164,0
125,2026-05-29,164,164,0
52,2026-05-29,219,219,0
126,2026-05-29,219,219,0
144,2026-05-29,184,184,0
112,2026-05-29,323,323,0
127,2026-05-29,323,323,0
114,2026-05-29,383,383,0
128,2026-05-29,383,383,0
143,2026-05-29,403,403,0
142,2026-05-29,343,343,0
2,2026-05-30,169,169,0
44,2026-05-30,169,169,0
125,2026-05-30,169,169,0
52,2026-05-30,224,224,0
126,2026-05-30,224,224,0
144,2026-05-30,189,189,0
112,2026-05-30,323,323,0
127,2026-05-30,323,323,0
114,2026-05-30,383,383,0
128,2026-05-30,383,383,0
143,2026-05-30,403,403,0
142,2026-05-30,343,343,0
2,2026-05-31,164,164,0
44,2026-05-31,164,164,0
125,2026-05-31,164,164,0
52,2026-05-31,219,219,0
126,2026-05-31,219,219,0
144,2026-05-31,184,184,0
112,2026-05-31,315,315,0
127,2026-05-31,315,315,0
114,2026-05-31,375,375,0
128,2026-05-31,375,375,0
143,2026-05-31,395,395,0
142,2026-05-31,335,335,0
2,2026-06-01,159,159,0
44,2026-06-01,159,159,0
125,2026-06-01,159,159,0
52,2026-06-01,214,214,0
126,2026-06-01,214,214,0
144,2026-06-01,179,179,0
112,2026-06-01,310,310,0
127,2026-06-01,310,310,0
114,2026-06-01,370,370,0
128,2026-06-01,370,370,0
143,2026-06-01,390,390,0
142,2026-06-01,330,330,0
2,2026-06-02,159,159,0
44,2026-06-02,159,159,0
125,2026-06-02,159,159,0
52,2026-06-02,214,214,0
126,2026-06-02,214,214,0
144,2026-06-02,179,179,0
112,2026-06-02,310,310,0
127,2026-06-02,310,310,0
114,2026-06-02,370,370,0
128,2026-06-02,370,370,0
143,2026-06-02,390,390,0
142,2026-06-02,330,330,0
2,2026-06-03,159,159,0
44,2026-06-03,159,159,0
125,2026-06-03,159,159,0
52,2026-06-03,214,214,0
126,2026-06-03,214,214,0
144,2026-06-03,179,179,0
112,2026-06-03,311,311,0
127,2026-06-03,311,311,0
114,2026-06-03,371,371,0
128,2026-06-03,371,371,0
143,2026-06-03,391,391,0
142,2026-06-03,331,331,0
2,2026-06-04,159,159,0
44,2026-06-04,159,159,0
125,2026-06-04,159,159,0
52,2026-06-04,214,214,0
126,2026-06-04,214,214,0
144,2026-06-04,179,179,0
112,2026-06-04,311,311,0
127,2026-06-04,311,311,0
114,2026-06-04,371,371,0
128,2026-06-04,371,371,0
143,2026-06-04,391,391,0
142,2026-06-04,331,331,0
2,2026-06-05,159,159,0
44,2026-06-05,159,159,0
125,2026-06-05,159,159,0
52,2026-06-05,214,214,0
126,2026-06-05,214,214,0
144,2026-06-05,179,179,0
112,2026-06-05,314,314,0
127,2026-06-05,314,314,0
114,2026-06-05,374,374,0
128,2026-06-05,374,374,0
143,2026-06-05,394,394,0
142,2026-06-05,334,334,0
2,2026-06-06,164,164,0
44,2026-06-06,164,164,0
125,2026-06-06,164,164,0
52,2026-06-06,219,219,0
126,2026-06-06,219,219,0
144,2026-06-06,184,184,0
112,2026-06-06,315,315,0
127,2026-06-06,315,315,0
114,2026-06-06,375,375,0
128,2026-06-06,375,375,0
143,2026-06-06,395,395,0
142,2026-06-06,335,335,0
2,2026-06-07,159,159,0
44,2026-06-07,159,159,0
125,2026-06-07,159,159,0
52,2026-06-07,214,214,0
126,2026-06-07,214,214,0
144,2026-06-07,179,179,0
112,2026-06-07,310,310,0
127,2026-06-07,310,310,0
114,2026-06-07,370,370,0
128,2026-06-07,370,370,0
143,2026-06-07,390,390,0
142,2026-06-07,330,330,0
2,2026-06-08,159,159,0
44,2026-06-08,159,159,0
125,2026-06-08,159,159,0
52,2026-06-08,214,214,0
126,2026-06-08,214,214,0
144,2026-06-08,179,179,0
112,2026-06-08,310,310,0
127,2026-06-08,310,310,0
114,2026-06-08,370,370,0
128,2026-06-08,370,370,0
143,2026-06-08,390,390,0
142,2026-06-08,330,330,0
2,2026-06-09,159,159,0
44,2026-06-09,159,159,0
125,2026-06-09,159,159,0
52,2026-06-09,214,214,0
126,2026-06-09,214,214,0
144,2026-06-09,179,179,0
112,2026-06-09,310,310,0
127,2026-06-09,310,310,0
114,2026-06-09,370,370,0
128,2026-06-09,370,370,0
143,2026-06-09,390,390,0
142,2026-06-09,330,330,0
2,2026-06-10,159,159,0
44,2026-06-10,159,159,0
125,2026-06-10,159,159,0
52,2026-06-10,214,214,0
126,2026-06-10,214,214,0
144,2026-06-10,179,179,0
112,2026-06-10,311,311,0
127,2026-06-10,311,311,0
114,2026-06-10,371,371,0
128,2026-06-10,371,371,0
143,2026-06-10,391,391,0
142,2026-06-10,331,331,0
2,2026-06-11,159,159,0
44,2026-06-11,159,159,0
125,2026-06-11,159,159,0
52,2026-06-11,214,214,0
126,2026-06-11,214,214,0
144,2026-06-11,179,179,0
112,2026-06-11,311,311,0
127,2026-06-11,311,311,0
114,2026-06-11,371,371,0
128,2026-06-11,371,371,0
143,2026-06-11,391,391,0
142,2026-06-11,331,331,0
2,2026-06-12,159,159,0
44,2026-06-12,159,159,0
125,2026-06-12,159,159,0
52,2026-06-12,214,214,0
126,2026-06-12,214,214,0
144,2026-06-12,179,179,0
112,2026-06-12,314,314,0
127,2026-06-12,314,314,0
114,2026-06-12,374,374,0
128,2026-06-12,374,374,0
143,2026-06-12,394,394,0
142,2026-06-12,334,334,0
2,2026-06-13,164,164,0
44,2026-06-13,164,164,0
125,2026-06-13,164,164,0
52,2026-06-13,219,219,0
126,2026-06-13,219,219,0
144,2026-06-13,184,184,0
112,2026-06-13,315,315,0
127,2026-06-13,315,315,0
114,2026-06-13,375,375,0
128,2026-06-13,375,375,0
143,2026-06-13,395,395,0
142,2026-06-13,335,335,0
2,2026-06-14,159,159,0
44,2026-06-14,159,159,0
125,2026-06-14,159,159,0
52,2026-06-14,214,214,0
126,2026-06-14,214,214,0
144,2026-06-14,179,179,0
112,2026-06-14,310,310,0
127,2026-06-14,310,310,0
114,2026-06-14,370,370,0
128,2026-06-14,370,370,0
143,2026-06-14,390,390,0
142,2026-06-14,330,330,0
2,2026-06-15,159,159,0
44,2026-06-15,159,159,0
125,2026-06-15,159,159,0
52,2026-06-15,214,214,0
126,2026-06-15,214,214,0
144,2026-06-15,179,179,0
112,2026-06-15,310,310,0
127,2026-06-15,310,310,0
114,2026-06-15,370,370,0
128,2026-06-15,370,370,0
143,2026-06-15,390,390,0
142,2026-06-15,330,330,0
2,2026-06-16,159,159,0
44,2026-06-16,159,159,0
125,2026-06-16,159,159,0
52,2026-06-16,214,214,0
126,2026-06-16,214,214,0
144,2026-06-16,179,179,0
112,2026-06-16,310,310,0
127,2026-06-16,310,310,0
114,2026-06-16,370,370,0
128,2026-06-16,370,370,0
143,2026-06-16,390,390,0
142,2026-06-16,330,330,0
2,2026-06-17,159,159,0
44,2026-06-17,159,159,0
125,2026-06-17,159,159,0
52,2026-06-17,214,214,0
126,2026-06-17,214,214,0
144,2026-06-17,179,179,0
112,2026-06-17,311,311,0
127,2026-06-17,311,311,0
114,2026-06-17,371,371,0
128,2026-06-17,371,371,0
143,2026-06-17,391,391,0
142,2026-06-17,331,331,0
2,2026-06-18,159,159,0
44,2026-06-18,159,159,0
125,2026-06-18,159,159,0
52,2026-06-18,214,214,0
126,2026-06-18,214,214,0
144,2026-06-18,179,179,0
112,2026-06-18,312,312,0
127,2026-06-18,312,312,0
114,2026-06-18,372,372,0
128,2026-06-18,372,372,0
143,2026-06-18,392,392,0
142,2026-06-18,332,332,0
2,2026-06-19,159,159,0
44,2026-06-19,159,159,0
125,2026-06-19,159,159,0
52,2026-06-19,214,214,0
126,2026-06-19,214,214,0
144,2026-06-19,179,179,0
112,2026-06-19,316,316,0
127,2026-06-19,316,316,0
114,2026-06-19,376,376,0
128,2026-06-19,376,376,0
143,2026-06-19,396,396,0
142,2026-06-19,336,336,0
2,2026-06-20,164,164,0
44,2026-06-20,164,164,0
125,2026-06-20,164,164,0
52,2026-06-20,219,219,0
126,2026-06-20,219,219,0
144,2026-06-20,184,184,0
112,2026-06-20,320,320,0
127,2026-06-20,320,320,0
114,2026-06-20,380,380,0
128,2026-06-20,380,380,0
143,2026-06-20,400,400,0
142,2026-06-20,340,340,0
2,2026-06-21,164,164,0
44,2026-06-21,164,164,0
125,2026-06-21,164,164,0
52,2026-06-21,219,219,0
126,2026-06-21,219,219,0
144,2026-06-21,184,184,0
112,2026-06-21,320,320,0
127,2026-06-21,320,320,0
114,2026-06-21,380,380,0
128,2026-06-21,380,380,0
143,2026-06-21,400,400,0
142,2026-06-21,340,340,0
2,2026-06-22,164,164,0
44,2026-06-22,164,164,0
125,2026-06-22,164,164,0
52,2026-06-22,219,219,0
126,2026-06-22,219,219,0
144,2026-06-22,184,184,0
112,2026-06-22,320,320,0
127,2026-06-22,320,320,0
114,2026-06-22,380,380,0
128,2026-06-22,380,380,0
143,2026-06-22,400,400,0
142,2026-06-22,340,340,0
2,2026-06-23,164,164,0
44,2026-06-23,164,164,0
125,2026-06-23,164,164,0
52,2026-06-23,219,219,0
126,2026-06-23,219,219,0
144,2026-06-23,184,184,0
112,2026-06-23,320,320,0
127,2026-06-23,320,320,0
114,2026-06-23,380,380,0
128,2026-06-23,380,380,0
143,2026-06-23,400,400,0
142,2026-06-23,340,340,0
2,2026-06-24,164,164,0
44,2026-06-24,164,164,0
125,2026-06-24,164,164,0
52,2026-06-24,219,219,0
126,2026-06-24,219,219,0
144,2026-06-24,184,184,0
112,2026-06-24,320,320,0
127,2026-06-24,320,320,0
114,2026-06-24,380,380,0
128,2026-06-24,380,380,0
143,2026-06-24,400,400,0
142,2026-06-24,340,340,0
2,2026-06-25,164,164,0
44,2026-06-25,164,164,0
125,2026-06-25,164,164,0
52,2026-06-25,219,219,0
126,2026-06-25,219,219,0
144,2026-06-25,184,184,0
112,2026-06-25,321,321,0
127,2026-06-25,321,321,0
114,2026-06-25,381,381,0
128,2026-06-25,381,381,0
143,2026-06-25,401,401,0
142,2026-06-25,341,341,0
2,2026-06-26,164,164,0
44,2026-06-26,164,164,0
125,2026-06-26,164,164,0
52,2026-06-26,219,219,0
126,2026-06-26,219,219,0
144,2026-06-26,184,184,0
112,2026-06-26,325,325,0
127,2026-06-26,325,325,0
114,2026-06-26,385,385,0
128,2026-06-26,385,385,0
143,2026-06-26,405,405,0
142,2026-06-26,345,345,0
2,2026-06-27,169,169,0
44,2026-06-27,169,169,0
125,2026-06-27,169,169,0
52,2026-06-27,224,224,0
126,2026-06-27,224,224,0
144,2026-06-27,189,189,0
112,2026-06-27,328,328,0
127,2026-06-27,328,328,0
114,2026-06-27,388,388,0
128,2026-06-27,388,388,0
143,2026-06-27,408,408,0
142,2026-06-27,348,348,0
2,2026-06-28,169,169,0
44,2026-06-28,169,169,0
125,2026-06-28,169,169,0
52,2026-06-28,224,224,0
126,2026-06-28,224,224,0
144,2026-06-28,189,189,0
112,2026-06-28,324,324,0
127,2026-06-28,324,324,0
114,2026-06-28,384,384,0
128,2026-06-28,384,384,0
143,2026-06-28,404,404,0
142,2026-06-28,344,344,0
2,2026-06-29,164,164,0
44,2026-06-29,164,164,0
125,2026-06-29,164,164,0
52,2026-06-29,219,219,0
126,2026-06-29,219,219,0
144,2026-06-29,184,184,0
112,2026-06-29,321,321,0
127,2026-06-29,321,321,0
114,2026-06-29,381,381,0
128,2026-06-29,381,381,0
143,2026-06-29,401,401,0
142,2026-06-29,341,341,0
2,2026-06-30,164,164,0
44,2026-06-30,164,164,0
125,2026-06-30,164,164,0
52,2026-06-30,219,219,0
126,2026-06-30,219,219,0
144,2026-06-30,184,184,0
112,2026-06-30,322,322,0
127,2026-06-30,322,322,0
114,2026-06-30,382,382,0
128,2026-06-30,382,382,0
143,2026-06-30,402,402,0
142,2026-06-30,342,342,0
2,2026-07-01,164,164,0
44,2026-07-01,164,164,0
125,2026-07-01,164,164,0
52,2026-07-01,219,219,0
126,2026-07-01,219,219,0
144,2026-07-01,184,184,0
112,2026-07-01,327,327,0
127,2026-07-01,327,327,0
114,2026-07-01,387,387,0
128,2026-07-01,387,387,0
143,2026-07-01,407,407,0
142,2026-07-01,347,347,0
2,2026-07-02,169,169,0
44,2026-07-02,169,169,0
125,2026-07-02,169,169,0
52,2026-07-02,224,224,0
126,2026-07-02,224,224,0
144,2026-07-02,189,189,0
112,2026-07-02,334,334,0
127,2026-07-02,334,334,0
114,2026-07-02,394,394,0
128,2026-07-02,394,394,0
143,2026-07-02,414,414,0
142,2026-07-02,354,354,0
2,2026-07-03,174,174,0
44,2026-07-03,174,174,0
125,2026-07-03,174,174,0
52,2026-07-03,229,229,0
126,2026-07-03,229,229,0
144,2026-07-03,194,194,0
112,2026-07-03,337,337,0
127,2026-07-03,337,337,0
114,2026-07-03,397,397,0
128,2026-07-03,397,397,0
143,2026-07-03,417,417,0
142,2026-07-03,357,357,0
2,2026-07-04,174,174,0
44,2026-07-04,174,174,0
125,2026-07-04,174,174,0
52,2026-07-04,229,229,0
126,2026-07-04,229,229,0
144,2026-07-04,194,194,0
112,2026-07-04,331,331,0
127,2026-07-04,331,331,0
114,2026-07-04,391,391,0
128,2026-07-04,391,391,0
143,2026-07-04,411,411,0
142,2026-07-04,351,351,0
2,2026-07-05,169,169,0
44,2026-07-05,169,169,0
125,2026-07-05,169,169,0
52,2026-07-05,224,224,0
126,2026-07-05,224,224,0
144,2026-07-05,189,189,0
112,2026-07-05,319,319,0
127,2026-07-05,319,319,0
114,2026-07-05,379,379,0
128,2026-07-05,379,379,0
143,2026-07-05,399,399,0
142,2026-07-05,339,339,0
2,2026-07-06,159,159,0
44,2026-07-06,159,159,0
125,2026-07-06,159,159,0
52,2026-07-06,214,214,0
126,2026-07-06,214,214,0
144,2026-07-06,184,184,0
112,2026-07-06,310,310,0
127,2026-07-06,310,310,0
114,2026-07-06,370,370,0
128,2026-07-06,370,370,0
143,2026-07-06,395,395,0
142,2026-07-06,335,335,0
2,2026-07-07,159,159,0
44,2026-07-07,159,159,0
125,2026-07-07,159,159,0
52,2026-07-07,214,214,0
126,2026-07-07,214,214,0
144,2026-07-07,184,184,0
112,2026-07-07,310,310,0
127,2026-07-07,310,310,0
114,2026-07-07,370,370,0
128,2026-07-07,370,370,0
143,2026-07-07,395,395,0
142,2026-07-07,335,335,0
2,2026-07-08,159,159,0
44,2026-07-08,159,159,0
125,2026-07-08,159,159,0
52,2026-07-08,214,214,0
126,2026-07-08,214,214,0
144,2026-07-08,184,184,0
112,2026-07-08,310,310,0
127,2026-07-08,310,310,0
114,2026-07-08,370,370,0
128,2026-07-08,370,370,0
143,2026-07-08,395,395,0
142,2026-07-08,335,335,0
2,2026-07-09,159,159,0
44,2026-07-09,159,159,0
125,2026-07-09,159,159,0
52,2026-07-09,214,214,0
126,2026-07-09,214,214,0
144,2026-07-09,184,184,0
112,2026-07-09,310,310,0
127,2026-07-09,310,310,0
114,2026-07-09,370,370,0
128,2026-07-09,370,370,0
143,2026-07-09,395,395,0
142,2026-07-09,335,335,0
2,2026-07-10,159,159,0
44,2026-07-10,159,159,0
125,2026-07-10,159,159,0
52,2026-07-10,214,214,0
126,2026-07-10,214,214,0
144,2026-07-10,184,184,0
112,2026-07-10,310,310,0
127,2026-07-10,310,310,0
114,2026-07-10,370,370,0
128,2026-07-10,370,370,0
143,2026-07-10,395,395,0
142,2026-07-10,335,335,0
2,2026-07-11,159,159,0
44,2026-07-11,159,159,0
125,2026-07-11,159,159,0
52,2026-07-11,214,214,0
126,2026-07-11,214,214,0
144,2026-07-11,184,184,0
112,2026-07-11,310,310,0
127,2026-07-11,310,310,0
114,2026-07-11,370,370,0
128,2026-07-11,370,370,0
143,2026-07-11,395,395,0
142,2026-07-11,335,335,0
2,2026-07-12,159,159,0
44,2026-07-12,159,159,0
125,2026-07-12,159,159,0
52,2026-07-12,214,214,0
126,2026-07-12,214,214,0
144,2026-07-12,184,184,0
112,2026-07-12,310,310,0
127,2026-07-12,310,310,0
114,2026-07-12,370,370,0
128,2026-07-12,370,370,0
143,2026-07-12,395,395,0
142,2026-07-12,335,335,0
2,2026-07-13,159,159,0
44,2026-07-13,159,159,0
125,2026-07-13,159,159,0
52,2026-07-13,214,214,0
126,2026-07-13,214,214,0
144,2026-07-13,184,184,0
112,2026-07-13,310,310,0
127,2026-07-13,310,310,0
114,2026-07-13,370,370,0
128,2026-07-13,370,370,0
143,2026-07-13,395,395,0
142,2026-07-13,335,335,0
2,2026-07-14,159,159,0
44,2026-07-14,159,159,0
125,2026-07-14,159,159,0
52,2026-07-14,214,214,0
126,2026-07-14,214,214,0
144,2026-07-14,184,184,0
112,2026-07-14,310,310,0
127,2026-07-14,310,310,0
114,2026-07-14,370,370,0
128,2026-07-14,370,370,0
143,2026-07-14,395,395,0
142,2026-07-14,335,335,0
2,2026-07-15,159,159,0
44,2026-07-15,159,159,0
125,2026-07-15,159,159,0
52,2026-07-15,214,214,0
126,2026-07-15,214,214,0
144,2026-07-15,184,184,0
112,2026-07-15,310,310,0
127,2026-07-15,310,310,0
114,2026-07-15,370,370,0
128,2026-07-15,370,370,0
143,2026-07-15,395,395,0
142,2026-07-15,335,335,0
2,2026-07-16,159,159,0
44,2026-07-16,159,159,0
125,2026-07-16,159,159,0
52,2026-07-16,214,214,0
126,2026-07-16,214,214,0
144,2026-07-16,184,184,0
112,2026-07-16,310,310,0
127,2026-07-16,310,310,0
114,2026-07-16,370,370,0
128,2026-07-16,370,370,0
143,2026-07-16,395,395,0
142,2026-07-16,335,335,0
2,2026-07-17,159,159,0
44,2026-07-17,159,159,0
125,2026-07-17,159,159,0
52,2026-07-17,214,214,0
126,2026-07-17,214,214,0
144,2026-07-17,184,184,0
112,2026-07-17,310,310,0
127,2026-07-17,310,310,0
114,2026-07-17,370,370,0
128,2026-07-17,370,370,0
143,2026-07-17,395,395,0
142,2026-07-17,335,335,0
2,2026-07-18,159,159,0
44,2026-07-18,159,159,0
125,2026-07-18,159,159,0
52,2026-07-18,214,214,0
126,2026-07-18,214,214,0
144,2026-07-18,184,184,0
112,2026-07-18,310,310,0
127,2026-07-18,310,310,0
114,2026-07-18,370,370,0
128,2026-07-18,370,370,0
143,2026-07-18,395,395,0
142,2026-07-18,335,335,0
2,2026-07-19,159,159,0
44,2026-07-19,159,159,0
125,2026-07-19,159,159,0
52,2026-07-19,214,214,0
126,2026-07-19,214,214,0
144,2026-07-19,184,184,0
112,2026-07-19,310,310,0
127,2026-07-19,310,310,0
114,2026-07-19,370,370,0
128,2026-07-19,370,370,0
143,2026-07-19,395,395,0
142,2026-07-19,335,335,0
2,2026-07-20,159,159,0
44,2026-07-20,159,159,0
125,2026-07-20,159,159,0
52,2026-07-20,214,214,0
126,2026-07-20,214,214,0
144,2026-07-20,184,184,0
112,2026-07-20,310,310,0
127,2026-07-20,310,310,0
114,2026-07-20,370,370,0
128,2026-07-20,370,370,0
143,2026-07-20,395,395,0
142,2026-07-20,335,335,0
2,2026-07-21,159,159,0
44,2026-07-21,159,159,0
125,2026-07-21,159,159,0
52,2026-07-21,214,214,0
126,2026-07-21,214,214,0
144,2026-07-21,184,184,0
112,2026-07-21,310,310,0
127,2026-07-21,310,310,0
114,2026-07-21,370,370,0
128,2026-07-21,370,370,0
143,2026-07-21,395,395,0
142,2026-07-21,335,335,0
2,2026-07-22,159,159,0
44,2026-07-22,159,159,0
125,2026-07-22,159,159,0
52,2026-07-22,214,214,0
126,2026-07-22,214,214,0
144,2026-07-22,184,184,0
112,2026-07-22,310,310,0
127,2026-07-22,310,310,0
114,2026-07-22,370,370,0
128,2026-07-22,370,370,0
143,2026-07-22,395,395,0
142,2026-07-22,335,335,0
2,2026-07-23,159,159,0
44,2026-07-23,159,159,0
125,2026-07-23,159,159,0
52,2026-07-23,214,214,0
126,2026-07-23,214,214,0
144,2026-07-23,184,184,0
112,2026-07-23,310,310,0
127,2026-07-23,310,310,0
114,2026-07-23,370,370,0
128,2026-07-23,370,370,0
143,2026-07-23,395,395,0
142,2026-07-23,335,335,0
2,2026-07-24,159,159,0
44,2026-07-24,159,159,0
125,2026-07-24,159,159,0
52,2026-07-24,214,214,0
126,2026-07-24,214,214,0
144,2026-07-24,184,184,0
112,2026-07-24,310,310,0
127,2026-07-24,310,310,0
114,2026-07-24,370,370,0
128,2026-07-24,370,370,0
143,2026-07-24,395,395,0
142,2026-07-24,335,335,0
2,2026-07-25,159,159,0
44,2026-07-25,159,159,0
125,2026-07-25,159,159,0
52,2026-07-25,214,214,0
126,2026-07-25,214,214,0
144,2026-07-25,184,184,0
112,2026-07-25,310,310,0
127,2026-07-25,310,310,0
114,2026-07-25,370,370,0
128,2026-07-25,370,370,0
143,2026-07-25,395,395,0
142,2026-07-25,335,335,0
2,2026-07-26,159,159,0
44,2026-07-26,159,159,0
125,2026-07-26,159,159,0
52,2026-07-26,214,214,0
126,2026-07-26,214,214,0
144,2026-07-26,184,184,0
112,2026-07-26,310,310,0
127,2026-07-26,310,310,0
114,2026-07-26,370,370,0
128,2026-07-26,370,370,0
143,2026-07-26,395,395,0
142,2026-07-26,335,335,0
2,2026-07-27,159,159,0
44,2026-07-27,159,159,0
125,2026-07-27,159,159,0
52,2026-07-27,214,214,0
126,2026-07-27,214,214,0
144,2026-07-27,184,184,0
112,2026-07-27,310,310,0
127,2026-07-27,310,310,0
114,2026-07-27,370,370,0
128,2026-07-27,370,370,0
143,2026-07-27,395,395,0
142,2026-07-27,335,335,0
2,2026-07-28,159,159,0
44,2026-07-28,159,159,0
125,2026-07-28,159,159,0
52,2026-07-28,214,214,0
126,2026-07-28,214,214,0
144,2026-07-28,184,184,0
112,2026-07-28,311,311,0
127,2026-07-28,311,311,0
114,2026-07-28,371,371,0
128,2026-07-28,371,371,0
143,2026-07-28,396,396,0
142,2026-07-28,336,336,0
2,2026-07-29,159,159,0
44,2026-07-29,159,159,0
125,2026-07-29,159,159,0
52,2026-07-29,214,214,0
126,2026-07-29,214,214,0
144,2026-07-29,184,184,0
112,2026-07-29,312,312,0
127,2026-07-29,312,312,0
114,2026-07-29,372,372,0
128,2026-07-29,372,372,0
143,2026-07-29,397,397,0
142,2026-07-29,337,337,0
2,2026-07-30,159,159,0
44,2026-07-30,159,159,0
125,2026-07-30,159,159,0
52,2026-07-30,214,214,0
126,2026-07-30,214,214,0
144,2026-07-30,184,184,0
112,2026-07-30,316,316,0
127,2026-07-30,316,316,0
114,2026-07-30,376,376,0
128,2026-07-30,376,376,0
143,2026-07-30,401,401,0
142,2026-07-30,341,341,0
2,2026-07-31,164,164,0
44,2026-07-31,164,164,0
125,2026-07-31,164,164,0
52,2026-07-31,219,219,0
126,2026-07-31,219,219,0
144,2026-07-31,184,184,0
112,2026-07-31,320,320,0
127,2026-07-31,320,320,0
114,2026-07-31,380,380,0
128,2026-07-31,380,380,0
143,2026-07-31,400,400,0
142,2026-07-31,340,340,0
2,2026-08-01,164,164,0
44,2026-08-01,164,164,0
125,2026-08-01,164,164,0
52,2026-08-01,219,219,0
126,2026-08-01,219,219,0
144,2026-08-01,184,184,0
112,2026-08-01,320,320,0
127,2026-08-01,320,320,0
114,2026-08-01,380,380,0
128,2026-08-01,380,380,0
143,2026-08-01,400,400,0
142,2026-08-01,340,340,0
2,2026-08-02,164,164,0
44,2026-08-02,164,164,0
125,2026-08-02,164,164,0
52,2026-08-02,219,219,0
126,2026-08-02,219,219,0
144,2026-08-02,184,184,0
112,2026-08-02,320,320,0
127,2026-08-02,320,320,0
114,2026-08-02,380,380,0
128,2026-08-02,380,380,0
143,2026-08-02,400,400,0
142,2026-08-02,340,340,0
2,2026-08-03,164,164,0
44,2026-08-03,164,164,0
125,2026-08-03,164,164,0
52,2026-08-03,219,219,0
126,2026-08-03,219,219,0
144,2026-08-03,184,184,0
112,2026-08-03,320,320,0
127,2026-08-03,320,320,0
114,2026-08-03,380,380,0
128,2026-08-03,380,380,0
143,2026-08-03,400,400,0
142,2026-08-03,340,340,0
2,2026-08-04,164,164,0
44,2026-08-04,164,164,0
125,2026-08-04,164,164,0
52,2026-08-04,219,219,0
126,2026-08-04,219,219,0
144,2026-08-04,184,184,0
112,2026-08-04,320,320,0
127,2026-08-04,320,320,0
114,2026-08-04,380,380,0
128,2026-08-04,380,380,0
143,2026-08-04,400,400,0
142,2026-08-04,340,340,0
2,2026-08-05,164,164,0
44,2026-08-05,164,164,0
125,2026-08-05,164,164,0
52,2026-08-05,219,219,0
126,2026-08-05,219,219,0
144,2026-08-05,184,184,0
112,2026-08-05,320,320,0
127,2026-08-05,320,320,0
114,2026-08-05,380,380,0
128,2026-08-05,380,380,0
143,2026-08-05,400,400,0
142,2026-08-05,340,340,0
2,2026-08-06,164,164,0
44,2026-08-06,164,164,0
125,2026-08-06,164,164,0
52,2026-08-06,219,219,0
126,2026-08-06,219,219,0
144,2026-08-06,184,184,0
112,2026-08-06,319,319,0
127,2026-08-06,319,319,0
114,2026-08-06,379,379,0
128,2026-08-06,379,379,0
143,2026-08-06,399,399,0
142,2026-08-06,339,339,0
2,2026-08-07,164,164,0
44,2026-08-07,164,164,0
125,2026-08-07,164,164,0
52,2026-08-07,219,219,0
126,2026-08-07,219,219,0
144,2026-08-07,184,184,0
112,2026-08-07,318,318,0
127,2026-08-07,318,318,0
114,2026-08-07,378,378,0
128,2026-08-07,378,378,0
143,2026-08-07,398,398,0
142,2026-08-07,338,338,0
2,2026-08-08,164,164,0
44,2026-08-08,164,164,0
125,2026-08-08,164,164,0
52,2026-08-08,219,219,0
126,2026-08-08,219,219,0
144,2026-08-08,184,184,0
112,2026-08-08,312,312,0
127,2026-08-08,312,312,0
114,2026-08-08,372,372,0
128,2026-08-08,372,372,0
143,2026-08-08,392,392,0
142,2026-08-08,332,332,0
2,2026-08-09,159,159,0
44,2026-08-09,159,159,0
125,2026-08-09,159,159,0
52,2026-08-09,214,214,0
126,2026-08-09,214,214,0
144,2026-08-09,179,179,0
112,2026-08-09,299,299,0
127,2026-08-09,299,299,0
114,2026-08-09,359,359,0
128,2026-08-09,359,359,0
143,2026-08-09,379,379,0
142,2026-08-09,319,319,0
2,2026-08-10,149,149,0
44,2026-08-10,149,149,0
125,2026-08-10,149,149,0
52,2026-08-10,204,204,0
126,2026-08-10,204,204,0
144,2026-08-10,174,174,0
112,2026-08-10,291,291,0
127,2026-08-10,291,291,0
114,2026-08-10,351,351,0
128,2026-08-10,351,351,0
143,2026-08-10,376,376,0
142,2026-08-10,316,316,0
2,2026-08-11,149,149,0
44,2026-08-11,149,149,0
125,2026-08-11,149,149,0
52,2026-08-11,204,204,0
126,2026-08-11,204,204,0
144,2026-08-11,174,174,0
112,2026-08-11,291,291,0
127,2026-08-11,291,291,0
114,2026-08-11,351,351,0
128,2026-08-11,351,351,0
143,2026-08-11,376,376,0
142,2026-08-11,316,316,0
2,2026-08-12,149,149,0
44,2026-08-12,149,149,0
125,2026-08-12,149,149,0
52,2026-08-12,204,204,0
126,2026-08-12,204,204,0
144,2026-08-12,174,174,0
112,2026-08-12,291,291,0
127,2026-08-12,291,291,0
114,2026-08-12,351,351,0
128,2026-08-12,351,351,0
143,2026-08-12,376,376,0
142,2026-08-12,316,316,0
2,2026-08-13,149,149,0
44,2026-08-13,149,149,0
125,2026-08-13,149,149,0
52,2026-08-13,204,204,0
126,2026-08-13,204,204,0
144,2026-08-13,174,174,0
112,2026-08-13,292,292,0
127,2026-08-13,292,292,0
114,2026-08-13,352,352,0
128,2026-08-13,352,352,0
143,2026-08-13,377,377,0
142,2026-08-13,317,317,0
2,2026-08-14,149,149,0
44,2026-08-14,149,149,0
125,2026-08-14,149,149,0
52,2026-08-14,204,204,0
126,2026-08-14,204,204,0
144,2026-08-14,169,169,0
112,2026-08-14,294,294,0
127,2026-08-14,294,294,0
114,2026-08-14,354,354,0
128,2026-08-14,354,354,0
143,2026-08-14,374,374,0
142,2026-08-14,314,314,0
2,2026-08-15,154,154,0
44,2026-08-15,154,154,0
125,2026-08-15,154,154,0
52,2026-08-15,209,209,0
126,2026-08-15,209,209,0
144,2026-08-15,174,174,0
112,2026-08-15,294,294,0
127,2026-08-15,294,294,0
114,2026-08-15,354,354,0
128,2026-08-15,354,354,0
143,2026-08-15,374,374,0
142,2026-08-15,314,314,0
2,2026-08-16,149,149,0
44,2026-08-16,149,149,0
125,2026-08-16,149,149,0
52,2026-08-16,204,204,0
126,2026-08-16,204,204,0
144,2026-08-16,169,169,0
112,2026-08-16,285,285,0
127,2026-08-16,285,285,0
114,2026-08-16,345,345,0
128,2026-08-16,345,345,0
143,2026-08-16,365,365,0
142,2026-08-16,305,305,0
2,2026-08-17,144,144,0
44,2026-08-17,144,144,0
125,2026-08-17,144,144,0
52,2026-08-17,199,199,0
126,2026-08-17,199,199,0
144,2026-08-17,164,164,0
112,2026-08-17,281,281,0
127,2026-08-17,281,281,0
114,2026-08-17,341,341,0
128,2026-08-17,341,341,0
143,2026-08-17,361,361,0
142,2026-08-17,301,301,0
2,2026-08-18,144,144,0
44,2026-08-18,144,144,0
125,2026-08-18,144,144,0
52,2026-08-18,199,199,0
126,2026-08-18,199,199,0
144,2026-08-18,164,164,0
112,2026-08-18,282,282,0
127,2026-08-18,282,282,0
114,2026-08-18,342,342,0
128,2026-08-18,342,342,0
143,2026-08-18,362,362,0
142,2026-08-18,302,302,0
2,2026-08-19,144,144,0
44,2026-08-19,144,144,0
125,2026-08-19,144,144,0
52,2026-08-19,199,199,0
126,2026-08-19,199,199,0
144,2026-08-19,164,164,0
112,2026-08-19,282,282,0
127,2026-08-19,282,282,0
114,2026-08-19,342,342,0
128,2026-08-19,342,342,0
143,2026-08-19,362,362,0
142,2026-08-19,302,302,0
2,2026-08-20,144,144,0
44,2026-08-20,144,144,0
125,2026-08-20,144,144,0
52,2026-08-20,199,199,0
126,2026-08-20,199,199,0
144,2026-08-20,164,164,0
112,2026-08-20,284,284,0
127,2026-08-20,284,284,0
114,2026-08-20,344,344,0
128,2026-08-20,344,344,0
143,2026-08-20,364,364,0
142,2026-08-20,304,304,0
2,2026-08-21,144,144,0
44,2026-08-21,144,144,0
125,2026-08-21,144,144,0
52,2026-08-21,199,199,0
126,2026-08-21,199,199,0
144,2026-08-21,164,164,0
112,2026-08-21,293,293,0
127,2026-08-21,293,293,0
114,2026-08-21,353,353,0
128,2026-08-21,353,353,0
143,2026-08-21,373,373,0
142,2026-08-21,313,313,0
2,2026-08-22,159,159,0
44,2026-08-22,159,159,0
125,2026-08-22,159,159,0
52,2026-08-22,214,214,0
126,2026-08-22,214,214,0
144,2026-08-22,179,179,0
112,2026-08-22,296,296,0
127,2026-08-22,296,296,0
114,2026-08-22,356,356,0
128,2026-08-22,356,356,0
143,2026-08-22,376,376,0
142,2026-08-22,316,316,0
2,2026-08-23,149,149,0
44,2026-08-23,149,149,0
125,2026-08-23,149,149,0
52,2026-08-23,204,204,0
126,2026-08-23,204,204,0
144,2026-08-23,159,159,0
112,2026-08-23,280,280,0
127,2026-08-23,280,280,0
114,2026-08-23,340,340,0
128,2026-08-23,340,340,0
143,2026-08-23,350,350,0
142,2026-08-23,290,290,0
2,2026-08-24,139,139,0
44,2026-08-24,139,139,0
125,2026-08-24,139,139,0
52,2026-08-24,194,194,0
126,2026-08-24,194,194,0
144,2026-08-24,149,149,0
112,2026-08-24,271,271,0
127,2026-08-24,271,271,0
114,2026-08-24,331,331,0
128,2026-08-24,331,331,0
143,2026-08-24,341,341,0
142,2026-08-24,281,281,0
2,2026-08-25,139,139,0
44,2026-08-25,139,139,0
125,2026-08-25,139,139,0
52,2026-08-25,194,194,0
126,2026-08-25,194,194,0
144,2026-08-25,149,149,0
112,2026-08-25,272,272,0
127,2026-08-25,272,272,0
114,2026-08-25,332,332,0
128,2026-08-25,332,332,0
143,2026-08-25,342,342,0
142,2026-08-25,282,282,0
2,2026-08-26,139,139,0
44,2026-08-26,139,139,0
125,2026-08-26,139,139,0
52,2026-08-26,194,194,0
126,2026-08-26,194,194,0
144,2026-08-26,149,149,0
112,2026-08-26,272,272,0
127,2026-08-26,272,272,0
114,2026-08-26,332,332,0
128,2026-08-26,332,332,0
143,2026-08-26,342,342,0
142,2026-08-26,282,282,0
2,2026-08-27,139,139,0
44,2026-08-27,139,139,0
125,2026-08-27,139,139,0
52,2026-08-27,194,194,0
126,2026-08-27,194,194,0
144,2026-08-27,149,149,0
112,2026-08-27,273,273,0
127,2026-08-27,273,273,0
114,2026-08-27,333,333,0
128,2026-08-27,333,333,0
143,2026-08-27,343,343,0
142,2026-08-27,283,283,0
2,2026-08-28,139,139,0
44,2026-08-28,139,139,0
125,2026-08-28,139,139,0
52,2026-08-28,194,194,0
126,2026-08-28,194,194,0
144,2026-08-28,159,159,0
112,2026-08-28,280,280,0
127,2026-08-28,280,280,0
114,2026-08-28,340,340,0
128,2026-08-28,340,340,0
143,2026-08-28,360,360,0
142,2026-08-28,300,300,0
2,2026-08-29,149,149,0
44,2026-08-29,149,149,0
125,2026-08-29,149,149,0
52,2026-08-29,204,204,0
126,2026-08-29,204,204,0
144,2026-08-29,169,169,0
112,2026-08-29,283,283,0
127,2026-08-29,283,283,0
114,2026-08-29,343,343,0
128,2026-08-29,343,343,0
143,2026-08-29,363,363,0
142,2026-08-29,303,303,0
2,2026-08-30,149,149,0
44,2026-08-30,149,149,0
125,2026-08-30,149,149,0
52,2026-08-30,204,204,0
126,2026-08-30,204,204,0
144,2026-08-30,169,169,0
112,2026-08-30,263,263,0
127,2026-08-30,263,263,0
114,2026-08-30,323,323,0
128,2026-08-30,323,323,0
143,2026-08-30,343,343,0
142,2026-08-30,283,283,0
2,2026-08-31,124,124,0
44,2026-08-31,124,124,0
125,2026-08-31,124,124,0
52,2026-08-31,179,179,0
126,2026-08-31,179,179,0
144,2026-08-31,139,139,0
112,2026-08-31,243,243,0
127,2026-08-31,243,243,0
114,2026-08-31,303,303,0
128,2026-08-31,303,303,0
143,2026-08-31,318,318,0
142,2026-08-31,258,258,0
2,2026-09-01,124,124,0
44,2026-09-01,124,124,0
125,2026-09-01,124,124,0
52,2026-09-01,179,179,0
126,2026-09-01,179,179,0
144,2026-09-01,139,139,0
112,2026-09-01,246,246,0
127,2026-09-01,246,246,0
114,2026-09-01,306,306,0
128,2026-09-01,306,306,0
143,2026-09-01,321,321,0
142,2026-09-01,261,261,0
2,2026-09-02,124,124,0
44,2026-09-02,124,124,0
125,2026-09-02,124,124,0
52,2026-09-02,179,179,0
126,2026-09-02,179,179,0
144,2026-09-02,139,139,0
112,2026-09-02,253,253,0
127,2026-09-02,253,253,0
114,2026-09-02,313,313,0
128,2026-09-02,313,313,0
143,2026-09-02,328,328,0
142,2026-09-02,268,268,0
2,2026-09-03,124,124,0
44,2026-09-03,124,124,0
125,2026-09-03,124,124,0
52,2026-09-03,179,179,0
126,2026-09-03,179,179,0
144,2026-09-03,139,139,0
112,2026-09-03,282,282,0
127,2026-09-03,282,282,0
114,2026-09-03,342,342,0
128,2026-09-03,342,342,0
143,2026-09-03,357,357,0
142,2026-09-03,297,297,0
2,2026-09-04,159,159,0
44,2026-09-04,159,159,0
125,2026-09-04,159,159,0
52,2026-09-04,214,214,0
126,2026-09-04,214,214,0
144,2026-09-04,174,174,0
112,2026-09-04,318,318,0
127,2026-09-04,318,318,0
114,2026-09-04,378,378,0
128,2026-09-04,378,378,0
143,2026-09-04,393,393,0
142,2026-09-04,333,333,0
